{"eval_exact_match": 78.63765373699148, "eval_f1": 86.3748821705173}